{"Al": {"h_0_sl_sl": 945000000.0, "xi_0_sl": [24778264.899654474], "xi_inf_sl": [93545991.70916897]}}