{"Al": {"h_0_sl_sl": 900000000.0, "xi_0_sl": [26017178.144637197], "xi_inf_sl": [93545991.70916897]}}