{"Al": {"h_0_sl_sl": 600000000.0, "xi_0_sl": [27762794.628305145], "xi_inf_sl": [93033069.0457883]}}