{"Al": {"h_0_sl_sl": 1350000000.0, "xi_0_sl": [21929822.925364193], "xi_inf_sl": [94935527.22692998]}}