{"Al": {"h_0_sl_sl": 900000000.0, "xi_0_sl": [24778264.899654474], "xi_inf_sl": [98223291.29462743]}}